Request_ID,Attack_Type
7118f422-4ad6-4b68-8b24-31ff8109049d,Request_Flooding
274ebb86-9024-49d6-b5df-c43b4805b910,Request_Flooding
4c03019e-3442-4d76-8b73-9a41e0c56c27,Request_Flooding
562c309b-cb3b-429f-9181-e12f667ba0d0,Request_Flooding
8c2062e1-0e16-4dae-b0e2-3e15cd81c716,Request_Flooding
08a159b3-af0b-47b7-8871-bd074371f5a1,Request_Flooding
70ff4762-996a-4009-9212-9dfb7d39ddf7,Request_Flooding
9b656ec5-4e3f-4626-924e-e1f3a10c4074,Request_Flooding
b3445659-f6de-4eac-acb4-fb41c2e4af9b,Request_Flooding
93337a7c-64a6-4614-b622-3adae21f558d,Request_Flooding
cfd23da3-593b-4ab2-b688-306a4a92777b,Request_Flooding
32dea5df-fdff-455d-97fc-aa44871539a5,Request_Flooding
a0111d9a-8a4e-49fc-8ad0-b213f34d9809,Request_Flooding
a2b3e50c-2b45-421a-b5fe-356cf8fdd838,Request_Flooding
0db24d76-adce-4891-92a0-4547e738cd19,Request_Flooding
e42903c4-59dd-4a0d-837e-e487071cb4e7,Request_Flooding
8ee10104-2f20-4684-a9d1-31485c6741e2,Request_Flooding
a6a28f1a-fca7-4d04-9df1-7d37fb95fba3,Request_Flooding
88f4a9ab-089d-4f4e-af9b-7af3bbd3cc7d,Request_Flooding
d74af0e6-8f1c-4694-9a88-41efc2202668,Request_Flooding
8e980c60-ecf1-423c-8914-75411cd31c43,Request_Flooding
2c713ff5-78f4-4d0b-b38f-0a4384ceb14c,Request_Flooding
28ad6ee0-b616-4424-ae51-19b6397cca3a,Request_Flooding
f51ba30a-7e5d-4750-820a-bd7900b5cb8a,Request_Flooding
9176a434-74d9-4767-8a16-b2c9ad5da095,Request_Flooding
ffe92678-c126-42a1-9e4c-fd022b9870b3,Request_Flooding
4a746a28-6bf1-409d-858d-f38fb2e43108,Request_Flooding
873b991a-4315-4c13-a7b0-258fec105048,Request_Flooding
91375d39-9f73-4281-8b88-aa469d56c44d,Request_Flooding
68781323-e83b-4d4b-bf75-12d9a38d11f1,Request_Flooding
292a6a6d-9f52-46b7-a634-e5cb5f1dd377,Request_Flooding
1efc442d-3019-476c-b9fb-79ed330a6711,Request_Flooding
8ddedc80-e8da-451f-b20e-1be9c2be20ae,Request_Flooding
80343cdb-09b8-497e-9232-eb83aeb24d92,Request_Flooding
104c362a-16e1-4e32-acd0-ba1e3fb7cd8b,Request_Flooding
93102cb5-9294-481b-b844-890fe0c51cad,Request_Flooding
6118d50b-19af-4be6-b580-6a76dae564ba,Request_Flooding
d64be916-ab93-4c53-aaad-8f3c6bcb44be,Request_Flooding
9ec2412c-9a14-41e9-8418-9e6491561b44,Request_Flooding
c427b2d7-b5eb-4822-951b-c505a16e1275,Request_Flooding
2ab85788-487d-4207-928d-80e3029898d3,Request_Flooding
900be55a-f5f5-4939-9e72-05cb16ad0a80,Request_Flooding
59c0abc6-becf-462d-a7e0-bc754c147731,Request_Flooding
eadfd7d1-4c0b-43da-ad50-afa923c0cb63,Request_Flooding
05e01cd3-8b6d-4fcc-9fcf-e0abc4d71ee6,Request_Flooding
52b49ac6-d793-413a-a857-f17130a653f5,Request_Flooding
bf50b8c3-79a2-4d20-a8e5-532161759bd0,Request_Flooding
168b1b0f-b4f9-45f6-aa30-0957af93e967,Request_Flooding
3a851b41-0d29-41a3-a15c-d3e2bd265e3f,Request_Flooding
418ab8b1-372d-4177-89f7-82b82b7157c8,Request_Flooding
29322ba9-246b-42c7-a179-95ac4b005e33,Request_Flooding
f5794a5b-0e17-402a-86f0-75211bd1bee8,Request_Flooding
4ebd0031-2c1f-49d7-bffc-e8204235403d,Request_Flooding
83352f4b-a0af-4609-8fa4-2b4879f0e27c,Request_Flooding
4fd84373-59fa-45f5-8718-86fec167e29c,Request_Flooding
c4682f01-768a-43b5-b3a3-fc398fbb1161,Request_Flooding
3f7155ef-3b2b-4b71-986c-bbb2d9843c85,Request_Flooding
7ee9795a-e4c0-4812-8624-307c8a9d51ca,Request_Flooding
c1ce806f-71cf-4873-a50b-142f54be2013,Request_Flooding
87aadd6e-32b7-434f-87cf-c7ccbd25ccaa,Request_Flooding
a8415815-7bb2-4b65-9847-ace1e102e577,Request_Flooding
8c2bdebe-4dc5-49d1-a49d-203052d2dc3f,Request_Flooding
6a529e82-d694-49ad-a909-aaa21e6a9cf2,Request_Flooding
2e3592f8-b173-4753-adee-0c0a6dd4e969,Request_Flooding
d4390b96-6ee1-4f0a-8928-37027903b684,Request_Flooding
6501c78b-3abd-4aa7-bbc9-03c29bead4a9,Request_Flooding
bd9c0ee2-0cba-4125-9de9-743823cde61c,Request_Flooding
ed12a75e-47f2-4b7c-ae6d-771115380d87,Request_Flooding
0d5626cb-c747-414d-8d98-dd0c24e4b33d,Request_Flooding
f2b3f72b-92e0-4268-bc70-b23614e9ac30,Request_Flooding
b41a3e0b-26a3-4b77-9989-b20bb885e77d,Request_Flooding
aff2d876-1a69-4b5c-a681-ae5e5c9c70ac,Request_Flooding
09444a61-28af-4ba1-86c7-854d8ec31150,Request_Flooding
dca9b1ca-993c-41fe-8cf5-772d46cea862,Request_Flooding
b5b0fe8e-655d-4abc-978a-72bc9d645cfc,Request_Flooding
7e004515-549c-4f94-b6dc-7c9be1c865ea,Request_Flooding
456d363e-9231-4580-b2a6-b79ab7e49591,Request_Flooding
c9b7fe6c-5ec8-48a6-add7-d7b4c390edda,Request_Flooding
3ebd7bdb-b1c7-4749-9c7c-9174b0ecbdbb,Request_Flooding
c425551b-008f-49e4-bacc-177ff6a0db4d,Request_Flooding
cef46bad-1c1e-4caa-9f3a-8c9a24a0472a,Request_Flooding
4082c844-56a4-4143-ad16-d63372c3548f,Request_Flooding
2aff19c1-f1d4-478a-9311-7ebc12c11ecc,Request_Flooding
db71c1a2-e3f3-47f4-99ff-f0a4b1341fd4,Request_Flooding
ac0dd660-6d22-4ef5-9e34-966277ae9677,Request_Flooding
d091e0f7-6270-4b07-b580-4483bf8fb8c1,Request_Flooding
495db1bb-49b0-4fa7-aea2-2bf98f370a16,Request_Flooding
ba91848a-8cc6-47b6-864d-0210683595db,Request_Flooding
b7e32a9e-5893-4522-8e19-4ceb7e25ad3f,Request_Flooding
408ab4c9-11f6-4563-8484-c843404c7239,Request_Flooding
dad42129-f091-4f17-b297-1f5ac2b8bb3e,Request_Flooding
c2ce6555-53af-419f-88d7-8569be080c18,Request_Flooding
e7711595-1b7a-4ffe-abb1-8c0a432139e2,Request_Flooding
f2816381-91f8-446c-949e-75e17fd21414,Request_Flooding
0f619036-096f-4bdf-b23b-5f0bb48c7a9a,Request_Flooding
2a86071f-b0ca-48ca-ba69-6081f2609a42,Request_Flooding
b8c968e4-281e-46eb-9e32-61a4bdd538f7,Request_Flooding
2004d4c6-5405-4a28-97aa-f51b5f28734a,Request_Flooding
4f084cff-8509-403c-8617-9077c8d78ea9,Request_Flooding
d5953fad-5a1e-4f33-9e8f-aafa088c0bc1,Request_Flooding
34fd1466-bf24-48b0-a692-fc1bd8a5d702,Request_Flooding
b58a97fd-ea88-41dc-8745-f15d2b8a3789,Request_Flooding
e0d7aca6-a195-4b02-a4c8-c7d1e4391c30,Request_Flooding
722e4638-189b-4801-ba12-6376186345be,Request_Flooding
a0b1662d-acd6-4467-ac78-661e7b6f279d,Request_Flooding
6761d68f-cc34-462d-878d-61d693926f16,Request_Flooding
9fee5dd2-57ee-49e8-b211-791b08007645,Request_Flooding
04c3a62c-fb59-4a8a-a46c-a1d8aab89be3,Request_Flooding
7a9f2aba-5196-440f-8514-fd595214a920,Request_Flooding
50709375-5ce6-452b-9ca1-3f09bbc65840,Request_Flooding
95349f38-6c3c-46da-a7cc-f6997b051d26,Request_Flooding
eadf2afb-1f0b-40b6-9690-21c6c4538af0,Request_Flooding
6a09f771-a34a-4b70-b096-4f7c03a43136,Request_Flooding
2f84b6a3-4ad3-4b36-867c-ac3fcb9e6681,Request_Flooding
4238cb2d-85ab-430f-ab0c-fe4ba1f47117,Request_Flooding
d8145ff1-bf8a-4100-9a95-8e5bdbbeb76a,Request_Flooding
319f034c-238b-4c88-9965-ae737e8c03fc,Request_Flooding
26807220-e37d-49b3-a0be-8eaec88520f9,Request_Flooding
1a86188d-fb9e-4b77-8e3d-d4ed85ee0a59,Request_Flooding
cce5f83c-f929-499b-8c86-89a5cb791a8e,Request_Flooding
a333e882-6861-4bdd-9352-74d87f4e1875,Request_Flooding
bb409bee-191a-4ed9-87a9-57d6f4d255c6,Request_Flooding
73c963e0-474a-468c-9c64-da461aef0b60,Request_Flooding
983e4d2a-6d54-420b-8e6a-0270450a9d48,Request_Flooding
6b838b8a-b4be-4ec9-a841-f35bc3ad80ce,Request_Flooding
4381e8b5-9202-434d-a1f8-bfdc2f92f890,Request_Flooding
ed11ea9a-07ce-44a4-a532-062e67647b1c,Request_Flooding
0f3598d5-bd75-42f9-bccb-3ac922b7aa20,Request_Flooding
1bed69ca-99ab-4dc9-b9c3-d8df4ba45c87,Request_Flooding
0a03b6f4-5fc5-472c-b9d9-3580dcbddc91,Request_Flooding
0463b05c-080a-4156-8daa-7c414d271c32,Request_Flooding
1718eff4-e3bd-47b1-a926-c5cbfd01d8a2,Request_Flooding
e9596a88-487f-4009-9098-34443851bf0b,Request_Flooding
44d2abb0-09b1-437b-9ed2-d96289dae243,Request_Flooding
30db9043-2e82-4540-b030-5ad3bc8f3275,Request_Flooding
bb892409-f7c5-4130-aa2d-38a11f447490,Request_Flooding
635c76dc-238f-4215-9ae5-500c391eb468,Request_Flooding
06122091-3aa7-4ed6-b55b-cbcc5e2d2617,Request_Flooding
51bf365b-a4f2-4643-9dee-617f809b780a,Request_Flooding
4aa35887-137b-4b3f-984f-c1b2e3900a7a,Request_Flooding
86cdca38-a799-46f7-8c99-c5a50ca5a9c2,Request_Flooding
61e63191-3d4f-4617-90cf-416df17ca26b,Request_Flooding
e5f34df4-7342-47c6-86a5-824f42434e8d,Request_Flooding
ba5bb4eb-44ec-4d52-9669-1fad4501d674,Request_Flooding
b22d1e6e-fb09-49f6-92a8-ad8b850949b7,Normal
5e82f76a-7f51-4a71-8c0b-c453840678ab,Normal
091ae8b2-8c43-430a-afa4-a9a63f3ccac4,Normal
2eab55c3-acb8-4d5f-a2d4-d8a8c77dc99d,Normal
64451533-c002-492e-9a07-0862503320c0,Normal
d3d8ec9f-ad82-4e76-8ab5-6e8ff5111403,Normal
70004339-f360-4c85-bf1b-39d30a038f3e,Normal
19ebda29-d238-4a32-a354-4f2dd408acd1,Normal
b76811f7-3b95-48ab-84e4-9885b025b12e,Normal
2b39d264-7882-4d6d-b2b4-5719cd9da140,Normal
038376f8-7212-485a-8d7f-04e5859a1a71,Normal
8f1b3ae4-7853-4008-bf46-ce27682b9ca5,Normal
4eb9cc81-8fb5-493a-9666-3f223fc68f45,Normal
166da353-899e-4ad6-8f8d-77bd857b1428,Endpoint_Scanning
3c9fe59c-b51d-402a-92a4-6b8476381822,Endpoint_Scanning
7f7e2f76-e90b-4116-ba32-7d76c8f1bc93,Endpoint_Scanning
59057d84-4183-46fa-b418-c696e227242f,Endpoint_Scanning
76206696-b653-4a3d-b698-ce7d255ecf8b,Endpoint_Scanning
c4e66bf4-21dd-419c-9946-1baddf35c691,Endpoint_Scanning
be37ca51-707e-4f6a-b6ad-9eb288cd598f,Endpoint_Scanning
2336d051-13ad-414b-8037-fba8f089bbda,Endpoint_Scanning
992b280b-1b0e-4753-b6c5-6b82ba793341,Endpoint_Scanning
eaec2abf-c3a7-47a9-b6bf-7f84a180d194,Endpoint_Scanning
bfab6756-27ca-4c52-a14c-97a660249c3a,Endpoint_Scanning
47420356-9a71-4afb-9f3a-75b01d467367,Endpoint_Scanning
f3c722b7-0125-4294-bcb5-c426c9c9d216,Endpoint_Scanning
428f4a1e-ed7f-4b11-9aa7-50956d119f30,Endpoint_Scanning
bbb3f58e-1c29-4a90-a965-249eb00e26be,Endpoint_Scanning
575add90-d8eb-4c0c-bc56-b3b62942de78,Endpoint_Scanning
bddb1ee5-4a08-43de-aa10-ffc586434c86,Endpoint_Scanning
923e61b0-66df-4875-8564-dca0d04f504b,Endpoint_Scanning
3be5252e-9aee-4977-90f7-61c9cc0d8d79,Endpoint_Scanning
9752f91c-fade-4a17-8a15-3acb03b9e003,Endpoint_Scanning
2c47be85-e861-49af-9b46-6894045661aa,Endpoint_Scanning
103ef99d-5904-4545-92ba-833202c0c735,Endpoint_Scanning
d6b18c1c-a648-4941-addb-faa43c820d37,Endpoint_Scanning
a7cefac2-4561-4c78-a52d-1bdf85b655cc,Endpoint_Scanning
